Handle,Name,Surname,Age,Email,Total Post Count,Following
mitchellkaitlyn,Chelsea,Estrada,21,brenda62@example.com,254,5
mitchellkaitlyn,Chelsea,Estrada,21,brenda62@example.com,254,4
mitchellkaitlyn,Chelsea,Estrada,21,brenda62@example.com,254,3
mitchellkaitlyn,Chelsea,Estrada,21,brenda62@example.com,254,6
mitchellkaitlyn,Chelsea,Estrada,21,brenda62@example.com,254,9
lynn87,Jennifer,Wiggins,53,nelsonjennifer@example.com,998,6
lynn87,Jennifer,Wiggins,53,nelsonjennifer@example.com,998,1
lynn87,Jennifer,Wiggins,53,nelsonjennifer@example.com,998,2
lynn87,Jennifer,Wiggins,53,nelsonjennifer@example.com,998,5
mark20,Patricia,Lewis,32,conniehernandez@example.com,144,0
mark20,Patricia,Lewis,32,conniehernandez@example.com,144,3
mark20,Patricia,Lewis,32,conniehernandez@example.com,144,1
mark20,Patricia,Lewis,32,conniehernandez@example.com,144,2
mark20,Patricia,Lewis,32,conniehernandez@example.com,144,5
colebrandy,Kayla,Vargas,39,brett70@example.com,676,7
colebrandy,Kayla,Vargas,39,brett70@example.com,676,5
vpatel,Tracy,Castaneda,45,weberchristina@example.com,393,4
vpatel,Tracy,Castaneda,45,weberchristina@example.com,393,9
vpatel,Tracy,Castaneda,45,weberchristina@example.com,393,1
vpatel,Tracy,Castaneda,45,weberchristina@example.com,393,5
ruth11,Shannon,Smith,69,timothygarza@example.com,466,9
ruth11,Shannon,Smith,69,timothygarza@example.com,466,7
frederickdeleon,Joshua,Johnson,38,monique65@example.com,21,2
frederickdeleon,Joshua,Johnson,38,monique65@example.com,21,8
frederickdeleon,Joshua,Johnson,38,monique65@example.com,21,7
walkersandra,Amber,Brown,77,heathersmith@example.com,937,6
